Слово,Количество
chelebi,3
челеби,3
текстиль,3
водолазка,30
женская,17
женщин,10
рубчик,13
лапша,10
бадлон,7
женский,32
длинным,8
втачным,3
рукавом,8
воротником,4
гольф,5
базовая,6
вещь,4
времена,3
года,4
выполнена,3
гладкоокрашенной,3
ткани,6
кашкорсе,3
плотность,3
данная,4
фактура,3
позволяет,5
изделию,3
хорошо,6
растягиваться,3
модель,6
предполагает,3
быть,3
обтяжку,3
фигуре,3
хотите,3
товар,3
сидел,3
свободнее,3
заказывайте,3
размер,7
больше,3
эластична,3
впитывает,3
пропускает,3
влагу,3
красиво,3
облегает,3
фигуру,4
сохраняет,5
форму,4
отличный,4
офисный,5
вариант,3
длина,4
изделия,4
указана,3
оттенок,3
цвета,4
изделий,3
может,3
отличаться,3
представленного,3
фото,3
украшения,3
входят,3
комплект,3
школа,3
офис,10
повседневная,3
хит,7
продаж,3
сезона,3
длинные,11
бережная,8
стирка,8
более,4
россия,7
демисезон,5
veshalka,8
кардиганы,2
длинный,11
вязаный,17
кардиган,36
пуговицах,13
изготовлен,4
высококачественной,5
турецкой,4
пряжи,4
удобная,3
практичная,3
длинная,3
кофта,12
сделает,3
образ,5
стильным,2
благодаря,4
составу,4
вытягивается,4
скатывается,2
через,3
время,4
первоначальный,3
вид,3
пальто,10
подклада,3
кнопках,5
подойдет,6
холодную,2
погоду,4
летом,2
весну,2
осень,3
трендовый,2
модный,7
идеально,4
впишется,3
базовый,6
гардероб,3
трикотажное,2
можно,6
надевать,2
работу,2
университет,2
школу,2
прогулки,3
важные,2
встречи,2
демисезонного,2
носить,4
классическим,2
костюмом,2
повседневной,2
одеждой,2
теплый,6
классического,2
кроя,2
даст,2
замерзнуть,2
прохладную,3
высоких,6
невысоких,5
девушек,3
больших,2
размеров,2
беременных,7
стильный,3
определённо,2
станет,3
любимой,3
вещью,3
гардеробе,4
кнопки,3
принт,2
большие,9
размеры,9
капюшона,5
беременным,3
свободный,8
леопардовый,3
прорезные,2
градусах,5
киргизия,5
удлиненный,3
art,3
family,3
хлопок,3
горлом,6
современной,2
девушки,2
желает,2
тратить,2
меньше,2
времени,2
создание,2
повседневного,2
образа,2
купить,4
водолазку,5
хлопка,4
определенно,3
стоит,2
классическая,2
высоким,4
отлично,4
сочетается,4
джинсами,2
брюками,4
юбками,4
использовать,2
офиса,3
одежду,2
дома,3
черную,2
только,2
подруги,2
состоит,2
эластана,2
premium,2
качества,2
сочетание,2
тканей,2
придает,2
мягкость,3
легкость,2
прочность,2
эластичность,2
тянется,2
подчеркивает,2
рекомендуется,2
стирать,3
температуре,3
уходе,3
хлопковая,2
потускнеет,2
растянется,2
называют,2
лонгслив,5
джемпер,8
пуловер,4
стрейч,2
свитер,9
рукав,3
женские,2
водолазки,2
домашняя,7
подростковая,2
теплая,3
ткань,2
одежда,7
трикотажная,2
стойкой,2
рисунка,4
надписей,2
черная,3
белая,3
спортивная,2
хлопковый,2
гольфик,2
трикотажный,6
весеннее,3
мягкое,2
вязаное,2
женское,3
изготовлено,2
мягкий,3
приятный,4
телу,4
линяют,2
легкий,3
дизайн,2
классическими,2
повседневными,2
нарядами,2
будете,3
выглядеть,3
элегантно,3
стильно,3
работе,5
встрече,3
отдыхе,3
согреет,2
требует,2
особого,2
ухода,2
модели,3
карман,2
круглогодичный,6
marimod,2
огонь,3
тренд,2
bronks,3
блузка,2
девочек,2
бренда,2
имеет,3
двумя,2
отверстиями,2
пальцев,2
помогают,2
регулировать,2
длину,2
рукава,4
который,2
особенныем,2
будет,4
заботливо,2
согревать,3
ручки,2
холода,3
идеальному,2
вискоза,2
допускает,2
переохлаждения,2
парникового,2
эффекта,2
полиэстер,2
плотный,2
прочный,2
материал,2
выгорает,2
солнце,2
растягивается,2
садится,2
нейлон,2
очень,4
ощупь,2
быстро,3
возвращает,2
практически,2
высыхает,2
намокании,2
препятствует,2
появлению,2
катышек,2
влюбляет,2
первой,2
примерки,2
прекрасно,2
подойдёт,2
прогулок,2
воротом,2
трикотаж,2
оверсайз,8
нежный,2
первый,2
сезон,2
занимает,2
лидирующие,2
позиции,2
модном,2
рынке,2
удобный,2
практичный,2
классическом,3
стиле,3
дополнит,4
подчеркнет,3
красоту,3
крой,2
фигуры,2
объемная,2
образный,3
вырез,3
объемные,3
тунику,2
леггинсами,2
вязаном,2
удлиненном,2
кардигане,2
будует,2
удобно,2
прогулке,2
поездке,2
уместна,2
офисе,3
удачно,2
стиль,2
найти,2
данную,2
категориях,2
школьный,2
пуговицы,4
карманов,4
отбеливание,2
запрещено,2
леопард,2
крупной,2
вязки,2
спущенным,2
является,2
актуальным,2
трендом,2
несколько,2
сезонов,2
достаточно,2
поэтому,2
прохладные,2
дни,2
вязанный,2
шерсти,2
акрила,2
делает,2
мягким,2
приятным,2
другом,2
месте,2
рекомендации,2
уходу,2
использования,2
кондиционера,2
сушить,2
горизонтальной,2
поверхности,2
орнамент,2
maribella,2
вязаная,2
шерстяной,2
объемными,2
рукавами,2
кофточка,2
женскую,2
любое,2
зима,2
весна,2
лето,2
красивый,2
жакет,2
будущих,2
мам,2
однотонный,3
трикотажной,2
стильной,2
школьной,2
кофты,2
визуально,2
удлинит,2
шею,2
крупные,2
придадут,2
образу,2
легкая,2
летняя,2
надежно,2
защитит,2
обеспечит,2
максимальный,2
комфорт,2
школе,2
укороченный,3
выбор,2
сезоне,2
подарка,2
праздник,2
маме,2
сестре,2
подруге,2
девочки,2
успейте,2
короткий,2
качественной,2
выгодной,2
цене,2
худи,2
толстовка,2
пиджак,2
свитшот,2
спорт,3
декоративных,2
элементов,2
героев,2
покрой,2
one,2
size,2
градусов,2
